{
  "position": [4510.85856497, -1982.15769016, 4644.31339362],
  "velocity": [-1.5146186, -7.3336888, -1.65886682],
  "quaternion": [1.0, 0.0, 0.0, 0.0],
  "angular_velocity": [0.2, 0.1, 0.2],
  "mass": 1.0
}
